{
  "ndcg3": 0.7514882277386623,
  "ndcg5": 0.8135299486620169,
  "log_loss": 0.3669307474737812,
  "win_acc": 0.27732017672227566,
  "kelly_roi": -5.301494066714266,
  "kelly_bets": 57414,
  "kelly_pl": -9999.999999999563,
  "kelly_bankroll_growth": -100.0,
  "flat_roi": -16.77639600097537
}