{
  "ndcg3": 0.8046914399397158,
  "ndcg5": 0.8520700291543627,
  "log_loss": 0.3341462246613352,
  "win_acc": 0.38014801187439895,
  "kelly_roi": 62.41390993844603,
  "kelly_bets": 6913,
  "kelly_pl": 2155833.1060196757,
  "kelly_bankroll_growth": 21558.33106019676,
  "flat_roi": 62.50542456241863
}