{
  "ndcg3": 0.7510124863015979,
  "ndcg5": 0.8132283596355813,
  "log_loss": 0.3670732374181248,
  "win_acc": 0.2764949862539133,
  "kelly_roi": -8.248107643442257,
  "kelly_bets": 50192,
  "kelly_pl": -9999.999999999185,
  "kelly_bankroll_growth": -100.0,
  "flat_roi": -15.817261715014345
}