{
  "ndcg3": 0.8025285577946587,
  "ndcg5": 0.8504295717776205,
  "log_loss": 0.33585427975355403,
  "win_acc": 0.3753237878811957,
  "kelly_roi": 47.45467616509529,
  "kelly_bets": 7483,
  "kelly_pl": 1774187.9989934387,
  "kelly_bankroll_growth": 17741.87998993438,
  "flat_roi": 47.53441133235333
}