{
  "log_loss": 0.09601034156814162,
  "brier": 0.027028547469463326,
  "ndcg3": 0.876662872478917,
  "ndcg5": 0.9013493188894496,
  "win_acc": 0.848381132223927,
  "top3_acc": 0.6762526718858597,
  "exacta_acc": 0.29965773633895904,
  "trifecta_acc": 0.10979975608796569,
  "roi_1.1": 369.49751427749703,
  "roi_1.2": 398.0884109916368,
  "roi_1.3": 424.1260717987374,
  "roi_1.5": 461.7648574815731
}